EmployeeID,Name
0,Natalia Ram√≠rez
1,Mariana Bravo
2,Ana Aguayo
3,Ana Paredes
4,Carlos Villanueva
5,Oscar Fern√°ndez
6,Pedro Fuentes
7,Luc√≠a Arce
8,Laura Le√≥n
9,Valeria D√≠az
10,Ana G√≥mez
11,Cristian Bravo
12,Cristian Rodr√≠guez
13,Sergio Ceballos
14,Elena Castillo
15,Valeria Morales
16,Elena Salazar
17,Elena Aguirre
18,Mar√≠a Ceballos
19,Paula Sandoval
20,Alberto Cordero
21,Mar√≠a Alvarado
22,Sof√≠a Delgado
23,Carlos Silva
24,Ana Rojas
25,Sof√≠a Medina
26,Ana Salas
27,Elena P√©rez
28,Teresa Silva
29,Daniel Ruiz
30,Jimena P√©rez
31,Andr√©s Medina
32,Miguel Casta√±eda
33,Pedro Ortega
34,Carlos Morales
35,Miguel Ortega
36,Laura Zamora
37,Gabriela Rojas
38,Ricardo Fuentes
39,Valeria Ponce
40,Paula Cordero
41,Luc√≠a Morales
42,Luc√≠a Mendoza
43,Miguel Sandoval
44,Carolina Herrera
45,Ana Ponce
46,Luis Arce
47,Isabel S√°nchez
48,Felipe Castro
49,Valeria Montoya
50,Juan Soto
51,Isabel Fern√°ndez
52,Luc√≠a Quiroz
53,Javier Rodr√≠guez
54,Gabriela P√©rez
55,Alberto Bravo
56,Natalia Salinas
57,Gabriela Fern√°ndez
58,Fernando Ram√≠rez
59,Elena Casta√±o
60,Valeria Casta√±eda
61,Sergio Medina
62,Daniel R√≠os
63,Ricardo Aguirre
64,Mariana Ruiz
65,Mariana D√≠az
66,Jimena Soto
67,Felipe Alvarado
68,Felipe Ruiz
69,Carlos Ortega
70,Isabel Torres
71,Jimena Morales
72,Laura Cort√©s
73,Ricardo Zamora
74,Pedro Rodr√≠guez
75,Alberto Ram√≠rez
76,Mar√≠a D√≠az
77,Valeria R√≠os
78,Isabel R√≠os
79,Oscar Aguirre
80,Sergio Casta√±o
81,Pedro Aguayo
82,Sergio Castro
83,Alberto S√°nchez
84,Daniel Escobar
85,Daniel Alvarado
86,Pedro Casta√±o
87,Laura Escobar
88,Javier Delgado
89,Laura Bravo
90,Teresa Quiroz
91,Luis Soto
92,Juan Aguirre
93,Felipe Sandoval